num_qubits,reps,num_params,pennylane_adjoint_mean_s,pennylane_adjoint_std_s
4,1,16,0.0014279668000001244,4.442882182728858e-05
4,10,88,0.005936100199999972,8.000470364026772e-05
4,20,168,0.015135091800000033,0.00873348909805386
4,30,248,0.01563404199999998,0.0001070626079038986
4,40,328,0.020507791799999973,6.567310594578121e-05
4,50,408,0.029844199999999967,0.00895222229501209
4,60,488,0.03549645019999996,0.009082315238526789
