num_qubits,reps,num_params,qiskit_mean_s,qiskit_std_s
4,1,16,0.014990649999999994,0.00020280960062480833
4,10,88,0.45141331679999996,0.005401625924896602
4,20,168,1.6709674832,0.005017989744184257
4,30,248,3.6576916081999995,0.0221842904109053
4,40,328,6.375915108399999,0.04465361131107341
4,50,408,9.905097875200003,0.05510766544153162
4,60,488,14.222065416600003,0.09631350482630768
