num_qubits,reps,num_params,qiskit_time_s,qiskit_memory_mb,pennylane_time_s,pennylane_memory_mb
4,1,16,0.07295220800000002,0.43566417694091797,0.006205792000000043,0.3177957534790039
4,10,88,1.1965584580000002,1.466414451599121,0.01805774999999965,0.3725318908691406
4,20,168,4.499105042,3.6807565689086914,0.03666341700000064,0.6901922225952148
4,50,408,26.440616457999997,16.175076484680176,0.08837412500000141,1.7118492126464844
4,70,568,51.707229708,29.61138916015625,0.16663908399999627,2.553269386291504
4,100,808,105.481745375,56.94757556915283,0.1600094169999977,3.442852020263672
